zone_id,road_count,bridge_count,building_count,hospital_count,school_count,critical_asset_count
ZONE_0001,136,7,496,4,5,6
ZONE_0002,63,7,444,2,12,5
ZONE_0003,118,5,417,3,13,7
ZONE_0004,92,6,557,4,8,6
ZONE_0005,71,6,304,2,4,7
ZONE_0006,52,1,290,1,0,2
ZONE_0007,141,8,490,3,9,9
ZONE_0008,105,6,290,1,9,3
ZONE_0009,132,10,506,3,12,7
ZONE_0010,119,9,317,3,9,8
ZONE_0011,138,7,146,1,6,6
ZONE_0012,85,5,318,0,1,4
ZONE_0013,133,10,761,3,12,8
ZONE_0014,62,5,324,0,1,4
ZONE_0015,152,5,588,2,5,5
ZONE_0016,104,7,625,3,10,9
ZONE_0017,158,6,795,5,14,10
ZONE_0018,33,3,22,1,0,2
ZONE_0019,99,6,212,5,8,8
ZONE_0020,128,10,590,3,11,9
ZONE_0021,24,3,134,3,0,5
ZONE_0022,133,4,613,1,14,7
ZONE_0023,58,5,78,0,2,1
ZONE_0024,76,7,84,2,4,7
ZONE_0025,105,8,86,0,4,3
ZONE_0026,7,1,42,0,5,0
ZONE_0027,132,7,394,3,10,6
ZONE_0028,89,7,460,0,8,2
ZONE_0029,113,3,779,3,10,5
ZONE_0030,5,1,187,0,3,3
ZONE_0031,5,5,102,0,0,4
ZONE_0032,20,1,475,0,1,2
ZONE_0033,21,0,156,0,2,1
ZONE_0034,45,7,219,0,5,3
ZONE_0035,119,6,342,1,7,5
ZONE_0036,86,0,332,0,6,0
ZONE_0037,17,0,206,1,0,3
ZONE_0038,145,10,529,5,16,12
ZONE_0039,149,6,667,2,6,5
ZONE_0040,106,7,112,1,6,4
ZONE_0041,136,11,498,4,14,9
ZONE_0042,89,7,428,2,9,6
ZONE_0043,22,4,122,0,7,2
ZONE_0044,92,8,270,2,8,6
ZONE_0045,144,2,408,2,3,4
ZONE_0046,99,10,466,2,9,8
ZONE_0047,188,8,618,3,11,10
ZONE_0048,113,11,396,3,15,8
ZONE_0049,113,5,393,4,2,6
ZONE_0050,104,2,111,1,4,3
ZONE_0051,44,4,350,0,11,3
ZONE_0052,70,5,165,2,5,5
ZONE_0053,104,5,404,1,9,3
ZONE_0054,91,8,373,1,7,3
ZONE_0055,119,9,409,3,9,11
ZONE_0056,132,4,616,3,12,7
ZONE_0057,126,6,265,3,5,8
ZONE_0058,97,2,470,4,7,4
ZONE_0059,56,1,496,3,4,4
ZONE_0060,79,10,267,0,0,6
ZONE_0061,78,4,282,0,6,1
ZONE_0062,183,12,423,4,9,13
ZONE_0063,46,7,10,1,0,5
ZONE_0064,89,12,545,3,8,12
ZONE_0065,146,6,613,4,8,11
ZONE_0066,82,6,503,2,10,6
ZONE_0067,159,9,564,4,12,11
ZONE_0068,130,4,446,0,10,1
ZONE_0069,145,6,705,3,11,10
ZONE_0070,55,5,188,3,5,6
ZONE_0071,114,5,288,0,7,2
ZONE_0072,181,4,612,2,10,5
ZONE_0073,135,9,577,3,9,9
ZONE_0074,94,6,209,2,1,4
ZONE_0075,138,12,713,2,13,9
ZONE_0076,79,7,522,3,11,8
ZONE_0077,94,8,115,0,5,3
ZONE_0078,113,10,676,3,16,11
ZONE_0079,85,4,256,0,9,1
ZONE_0080,161,7,543,1,9,5
ZONE_0081,74,10,408,1,11,7
ZONE_0082,116,3,581,4,8,10
ZONE_0083,111,2,319,2,8,5
ZONE_0084,61,0,262,1,4,3
ZONE_0085,72,7,56,3,2,5
ZONE_0086,82,6,473,1,9,4
ZONE_0087,105,5,508,2,10,5
ZONE_0088,157,5,590,0,17,3
ZONE_0089,61,5,314,3,3,5
ZONE_0090,100,3,98,0,0,3
ZONE_0091,168,8,602,5,12,9
ZONE_0092,144,6,603,5,16,12
ZONE_0093,72,2,32,0,4,3
ZONE_0094,49,5,204,0,0,2
ZONE_0095,38,2,229,0,3,1
ZONE_0096,99,4,724,2,14,8
ZONE_0097,51,2,245,0,5,0
ZONE_0098,75,3,216,2,2,6
ZONE_0099,79,8,216,0,1,3
ZONE_0100,38,1,287,3,3,3
ZONE_0101,56,0,237,0,0,2
ZONE_0102,134,10,450,2,9,5
ZONE_0103,143,5,699,3,8,6
ZONE_0104,115,9,595,6,14,14
ZONE_0105,83,6,519,2,10,7
ZONE_0106,21,2,443,2,3,5
ZONE_0107,117,2,127,1,3,4
ZONE_0108,164,8,593,4,8,8
ZONE_0109,35,6,49,0,4,4
ZONE_0110,122,5,285,3,5,5
ZONE_0111,123,8,434,3,10,7
ZONE_0112,107,10,698,2,13,8
ZONE_0113,158,8,468,3,14,8
ZONE_0114,129,8,807,1,14,7
ZONE_0115,134,10,193,1,9,9
ZONE_0116,82,1,238,0,5,1
ZONE_0117,159,12,744,3,11,12
ZONE_0118,112,2,121,3,5,3
ZONE_0119,77,2,342,2,7,2
ZONE_0120,158,4,607,3,12,8
ZONE_0121,67,1,423,0,6,2
ZONE_0122,96,9,365,1,7,5
ZONE_0123,191,2,456,1,12,1
ZONE_0124,113,3,102,4,7,7
ZONE_0125,66,5,140,2,6,6
ZONE_0126,128,7,716,3,11,7
ZONE_0127,68,1,259,2,5,4
ZONE_0128,155,7,964,3,9,9
ZONE_0129,42,5,212,2,0,5
ZONE_0130,7,3,10,2,1,3
ZONE_0131,147,4,796,2,12,6
ZONE_0132,161,4,337,2,4,4
ZONE_0133,144,4,410,4,4,5
ZONE_0134,129,8,735,4,16,10
ZONE_0135,144,3,388,4,1,7
ZONE_0136,141,7,571,3,8,10
ZONE_0137,164,7,665,3,9,9
ZONE_0138,103,9,174,3,9,6
ZONE_0139,135,6,318,1,6,5
ZONE_0140,96,7,494,6,11,8
ZONE_0141,61,1,10,1,1,4
ZONE_0142,50,5,185,1,3,5
ZONE_0143,145,13,670,5,12,13
ZONE_0144,128,8,390,1,8,3
ZONE_0145,158,8,689,5,13,11
ZONE_0146,67,6,336,3,6,6
ZONE_0147,117,5,464,0,6,2
ZONE_0148,147,5,618,6,16,10
ZONE_0149,46,0,55,1,5,1
ZONE_0150,142,3,558,2,9,6
ZONE_0151,195,10,744,3,4,8
ZONE_0152,176,11,575,5,15,13
ZONE_0153,78,4,212,0,0,3
ZONE_0154,62,3,250,0,5,1
ZONE_0155,117,5,576,2,9,7
ZONE_0156,144,5,691,3,13,8
ZONE_0157,117,9,511,2,6,7
ZONE_0158,143,5,511,2,9,5
ZONE_0159,131,1,90,3,8,5
ZONE_0160,88,3,251,1,3,2
ZONE_0161,70,4,274,2,1,3
ZONE_0162,126,4,290,3,8,6
ZONE_0163,141,10,742,5,16,10
ZONE_0164,68,0,112,0,2,2
ZONE_0165,132,4,546,3,11,6
ZONE_0166,101,2,125,0,5,0
ZONE_0167,110,7,164,0,4,2
ZONE_0168,57,1,163,0,2,2
ZONE_0169,27,3,253,1,2,4
ZONE_0170,80,3,96,3,2,6
ZONE_0171,73,4,373,2,10,6
ZONE_0172,142,9,554,4,9,12
ZONE_0173,85,7,336,3,9,5
ZONE_0174,129,7,593,0,13,3
ZONE_0175,78,5,59,0,2,4
ZONE_0176,82,2,296,1,0,3
ZONE_0177,133,7,716,4,10,8
ZONE_0178,101,7,351,2,5,6
ZONE_0179,81,0,18,0,0,0
ZONE_0180,101,6,187,1,9,4
ZONE_0181,111,11,832,1,16,6
ZONE_0182,87,1,277,0,3,2
ZONE_0183,117,12,613,3,10,11
ZONE_0184,34,1,48,0,0,1
ZONE_0185,68,3,95,4,4,5
ZONE_0186,53,1,414,2,0,2
ZONE_0187,96,8,418,3,10,8
ZONE_0188,122,4,195,0,8,1
ZONE_0189,144,4,420,2,10,4
ZONE_0190,161,10,543,2,1,9
ZONE_0191,134,6,552,6,11,11
ZONE_0192,31,11,187,0,5,6
ZONE_0193,87,6,432,3,7,8
ZONE_0194,139,7,585,5,6,11
ZONE_0195,64,4,10,0,7,4
ZONE_0196,176,11,558,2,13,10
ZONE_0197,155,10,884,3,9,9
ZONE_0198,8,4,35,1,0,5
ZONE_0199,103,5,340,4,1,8
ZONE_0200,41,2,245,1,3,4
ZONE_0201,62,0,10,0,0,2
ZONE_0202,73,4,278,0,8,1
ZONE_0203,63,10,191,1,6,7
ZONE_0204,44,0,181,0,0,0
ZONE_0205,77,1,313,0,4,2
ZONE_0206,144,10,753,1,11,7
ZONE_0207,177,10,470,3,12,8
ZONE_0208,82,3,381,2,1,3
ZONE_0209,138,10,578,0,9,7
ZONE_0210,103,3,418,3,5,5
ZONE_0211,42,6,163,2,6,5
ZONE_0212,95,5,451,1,5,5
ZONE_0213,34,4,141,0,0,1
ZONE_0214,31,1,38,1,0,1
ZONE_0215,23,0,209,0,3,3
ZONE_0216,130,11,663,2,13,10
ZONE_0217,104,6,398,4,10,9
ZONE_0218,112,3,479,2,9,6
ZONE_0219,36,1,288,1,4,2
ZONE_0220,155,8,636,2,6,8
ZONE_0221,112,4,455,3,11,5
ZONE_0222,168,7,552,3,12,10
ZONE_0223,20,1,146,0,0,2
ZONE_0224,80,4,184,0,7,1
ZONE_0225,51,3,13,1,6,3
ZONE_0226,166,10,643,4,6,10
ZONE_0227,107,9,307,4,2,7
ZONE_0228,67,1,116,2,5,2
ZONE_0229,129,11,481,3,6,6
ZONE_0230,105,9,581,2,7,8
ZONE_0231,101,9,371,3,8,11
ZONE_0232,130,4,112,0,5,2
ZONE_0233,75,5,262,1,5,4
ZONE_0234,117,11,749,3,11,11
ZONE_0235,41,3,428,1,4,3
ZONE_0236,118,12,490,3,12,12
ZONE_0237,97,6,513,1,9,5
ZONE_0238,42,1,267,1,0,3
ZONE_0239,119,4,545,1,7,5
ZONE_0240,22,0,67,0,4,3
ZONE_0241,117,15,513,2,13,11
ZONE_0242,103,5,464,1,5,2
ZONE_0243,60,4,10,0,0,3
ZONE_0244,133,8,747,2,8,8
ZONE_0245,71,5,258,1,9,2
ZONE_0246,159,5,560,3,8,6
ZONE_0247,108,10,593,2,8,8
ZONE_0248,68,0,61,1,1,2
ZONE_0249,55,1,202,0,4,3
ZONE_0250,131,3,293,3,3,5
ZONE_0251,20,2,275,2,10,4
ZONE_0252,98,4,192,1,2,4
ZONE_0253,119,8,366,2,10,6
ZONE_0254,121,6,373,1,9,7
ZONE_0255,46,2,348,0,1,1
ZONE_0256,110,3,438,0,7,3
ZONE_0257,140,12,507,4,9,11
ZONE_0258,81,2,96,1,3,4
ZONE_0259,42,5,479,3,6,7
ZONE_0260,95,7,660,1,10,3
ZONE_0261,122,11,490,2,11,6
ZONE_0262,139,14,692,4,10,12
ZONE_0263,177,9,873,5,9,13
ZONE_0264,220,11,719,3,17,10
ZONE_0265,40,3,253,2,3,4
ZONE_0266,29,6,10,1,0,3
ZONE_0267,146,9,42,2,8,8
ZONE_0268,131,10,503,3,9,10
ZONE_0269,134,8,452,4,2,8
ZONE_0270,121,3,275,2,10,4
ZONE_0271,25,7,236,3,11,6
ZONE_0272,109,6,390,3,6,9
ZONE_0273,41,2,10,0,0,2
ZONE_0274,136,5,657,3,7,9
ZONE_0275,108,9,525,3,5,8
ZONE_0276,98,6,136,1,5,5
ZONE_0277,115,7,776,0,6,5
ZONE_0278,135,8,210,2,7,9
ZONE_0279,114,4,620,3,7,6
ZONE_0280,44,5,145,3,8,4
ZONE_0281,158,7,509,2,8,9
ZONE_0282,93,3,566,1,3,5
ZONE_0283,162,4,451,3,5,4
ZONE_0284,54,6,262,0,2,2
ZONE_0285,75,3,300,0,0,3
ZONE_0286,48,9,10,0,3,5
ZONE_0287,96,0,259,0,0,2
ZONE_0288,165,7,459,3,15,8
ZONE_0289,88,7,264,2,5,7
ZONE_0290,138,3,508,3,11,7
ZONE_0291,65,4,123,1,0,2
ZONE_0292,61,2,96,1,2,2
ZONE_0293,112,4,387,2,13,3
ZONE_0294,105,8,262,2,5,9
ZONE_0295,108,7,520,4,10,11
ZONE_0296,110,7,177,2,3,5
ZONE_0297,56,6,314,2,4,7
ZONE_0298,133,4,338,0,3,3
ZONE_0299,99,0,146,0,6,1
ZONE_0300,95,1,141,3,0,3
ZONE_0301,108,5,410,2,8,4
ZONE_0302,48,3,189,0,2,4
ZONE_0303,149,7,456,3,8,7
ZONE_0304,11,3,10,1,0,2
ZONE_0305,131,9,564,3,8,8
ZONE_0306,120,2,390,2,5,2
ZONE_0307,144,3,569,3,7,4
ZONE_0308,121,11,616,2,7,7
ZONE_0309,163,8,766,2,9,6
ZONE_0310,114,6,638,2,7,6
ZONE_0311,45,3,185,0,3,2
ZONE_0312,98,8,273,1,7,4
ZONE_0313,131,7,551,2,12,6
ZONE_0314,91,5,10,0,8,1
ZONE_0315,121,4,481,4,7,8
ZONE_0316,61,0,10,0,0,1
ZONE_0317,88,3,220,2,11,6
ZONE_0318,115,4,359,2,8,6
ZONE_0319,79,4,10,0,2,4
ZONE_0320,83,9,443,4,0,8
ZONE_0321,131,9,483,3,10,8
ZONE_0322,115,7,413,2,11,5
ZONE_0323,96,5,172,3,2,7
ZONE_0324,114,6,62,2,4,6
ZONE_0325,102,4,495,3,6,7
ZONE_0326,193,10,556,3,17,10
ZONE_0327,22,1,10,0,0,3
ZONE_0328,134,10,853,4,11,12
ZONE_0329,134,9,482,3,6,9
ZONE_0330,170,7,690,1,12,8
ZONE_0331,111,4,524,1,6,3
ZONE_0332,110,5,611,6,11,10
ZONE_0333,134,13,703,4,13,11
ZONE_0334,134,2,477,0,4,2
ZONE_0335,138,10,723,4,15,11
ZONE_0336,42,2,289,0,5,3
ZONE_0337,117,8,694,3,12,7
ZONE_0338,124,11,782,3,10,7
ZONE_0339,54,5,328,0,6,4
ZONE_0340,77,0,45,0,0,1
ZONE_0341,65,0,254,1,4,3
ZONE_0342,52,6,315,0,3,4
ZONE_0343,86,4,304,4,4,7
ZONE_0344,119,6,535,3,14,7
ZONE_0345,51,0,132,1,1,2
ZONE_0346,117,5,417,2,10,3
ZONE_0347,171,8,639,4,7,11
ZONE_0348,108,3,606,2,9,3
ZONE_0349,136,9,573,4,11,12
ZONE_0350,74,7,448,2,2,6
ZONE_0351,106,2,326,2,3,3
ZONE_0352,94,7,258,0,9,5
ZONE_0353,177,11,648,5,9,13
ZONE_0354,13,4,242,1,4,4
ZONE_0355,91,5,498,2,0,3
ZONE_0356,29,3,37,1,3,3
ZONE_0357,133,8,461,3,11,8
ZONE_0358,88,6,549,0,9,2
ZONE_0359,88,1,416,0,1,0
ZONE_0360,130,4,564,2,10,8
ZONE_0361,50,4,184,3,1,7
ZONE_0362,162,11,427,5,11,13
ZONE_0363,55,1,10,1,0,2
ZONE_0364,182,7,840,4,10,10
ZONE_0365,32,7,291,2,2,5
ZONE_0366,127,6,366,2,7,5
ZONE_0367,99,6,357,2,10,7
ZONE_0368,18,0,252,1,3,3
ZONE_0369,62,0,415,3,4,3
ZONE_0370,137,8,541,3,13,8
ZONE_0371,97,7,502,2,11,6
ZONE_0372,183,9,718,4,13,11
ZONE_0373,115,3,492,2,6,8
ZONE_0374,72,9,343,2,3,5
ZONE_0375,62,3,238,1,2,5
ZONE_0376,160,6,548,2,6,6
ZONE_0377,59,2,131,0,2,3
ZONE_0378,62,2,433,1,5,1
ZONE_0379,60,4,319,0,1,1
ZONE_0380,99,0,379,1,6,4
ZONE_0381,47,2,61,0,2,1
ZONE_0382,127,10,755,1,8,8
ZONE_0383,90,6,150,3,3,8
ZONE_0384,66,7,317,0,3,5
ZONE_0385,147,7,421,2,8,4
ZONE_0386,14,3,215,1,2,5
ZONE_0387,97,4,329,1,6,5
ZONE_0388,29,3,481,0,8,3
ZONE_0389,50,2,175,2,5,5
ZONE_0390,151,9,497,4,13,11
ZONE_0391,44,2,104,0,0,1
ZONE_0392,112,3,457,4,15,7
ZONE_0393,40,7,431,0,8,4
ZONE_0394,52,1,125,0,2,1
ZONE_0395,172,10,623,2,8,7
ZONE_0396,86,3,422,1,10,2
ZONE_0397,110,5,333,3,7,6
ZONE_0398,41,4,317,2,9,3
ZONE_0399,72,5,49,1,4,4
ZONE_0400,91,6,316,2,4,4
ZONE_0401,74,2,132,0,2,2
ZONE_0402,76,4,234,0,5,2
ZONE_0403,86,5,167,0,2,2
ZONE_0404,121,6,695,2,7,8
ZONE_0405,226,13,686,5,12,13
ZONE_0406,44,3,139,1,1,5
ZONE_0407,80,7,218,4,6,7
ZONE_0408,70,0,39,0,4,3
ZONE_0409,44,3,194,2,0,3
ZONE_0410,153,10,562,2,11,9
ZONE_0411,95,7,362,4,5,9
ZONE_0412,94,7,10,2,7,5
ZONE_0413,94,0,617,2,5,5
ZONE_0414,130,7,96,2,8,6
ZONE_0415,187,9,774,3,10,11
ZONE_0416,98,6,435,3,8,5
ZONE_0417,159,6,414,3,5,7
ZONE_0418,5,4,265,0,2,3
ZONE_0419,113,13,612,4,12,11
ZONE_0420,140,4,585,2,9,7
ZONE_0421,53,2,149,2,7,5
ZONE_0422,171,9,436,4,13,10
ZONE_0423,139,8,440,3,7,5
ZONE_0424,156,6,402,3,11,8
ZONE_0425,87,4,234,1,0,3
ZONE_0426,172,6,615,3,11,10
ZONE_0427,97,6,573,4,10,8
ZONE_0428,72,5,257,2,7,3
ZONE_0429,114,5,270,1,6,3
ZONE_0430,113,6,460,1,15,6
ZONE_0431,116,3,488,4,9,8
ZONE_0432,66,1,269,0,7,3
ZONE_0433,79,3,186,1,4,5
ZONE_0434,78,7,304,1,4,5
ZONE_0435,127,11,600,5,11,10
ZONE_0436,77,2,119,0,0,3
ZONE_0437,129,8,782,2,9,9
ZONE_0438,123,6,524,0,11,2
ZONE_0439,136,3,307,0,10,2
ZONE_0440,182,10,721,4,13,9
ZONE_0441,79,13,514,2,12,8
ZONE_0442,105,0,79,1,0,1
ZONE_0443,112,6,443,4,12,8
ZONE_0444,177,8,613,3,15,9
ZONE_0445,142,12,484,3,12,12
ZONE_0446,67,4,34,0,6,3
ZONE_0447,193,9,586,4,7,9
ZONE_0448,158,10,763,4,7,11
ZONE_0449,41,5,273,2,6,5
ZONE_0450,101,7,565,3,14,8
ZONE_0451,101,7,661,5,10,9
ZONE_0452,102,9,261,1,12,7
ZONE_0453,120,7,349,3,11,7
ZONE_0454,126,5,207,1,3,2
ZONE_0455,103,7,542,1,2,5
ZONE_0456,88,2,450,4,7,7
ZONE_0457,129,6,718,3,12,9
ZONE_0458,70,3,412,1,9,5
ZONE_0459,206,7,655,2,4,6
ZONE_0460,63,5,286,3,4,6
ZONE_0461,58,0,216,1,4,4
ZONE_0462,65,5,302,0,0,3
ZONE_0463,115,11,287,1,12,7
ZONE_0464,101,5,387,4,8,7
ZONE_0465,169,4,610,4,12,8
ZONE_0466,167,12,544,4,14,12
ZONE_0467,108,3,217,1,6,2
ZONE_0468,102,6,420,1,3,6
ZONE_0469,54,1,150,1,0,4
ZONE_0470,34,4,108,1,4,3
ZONE_0471,103,5,320,3,3,4
ZONE_0472,48,0,209,0,4,0
ZONE_0473,52,4,208,0,2,1
ZONE_0474,101,7,640,2,9,7
ZONE_0475,97,6,662,3,3,7
ZONE_0476,100,4,280,3,6,5
ZONE_0477,97,0,263,1,5,1
ZONE_0478,109,7,533,2,7,6
ZONE_0479,108,5,597,3,10,6
ZONE_0480,83,3,433,1,6,2
ZONE_0481,56,1,240,3,8,3
ZONE_0482,137,4,321,2,3,4
ZONE_0483,166,2,469,4,12,7
ZONE_0484,149,5,503,3,9,4
ZONE_0485,133,7,702,4,10,10
ZONE_0486,105,0,555,2,9,3
ZONE_0487,159,7,548,2,15,6
ZONE_0488,73,4,218,0,6,3
ZONE_0489,183,11,656,4,13,12
ZONE_0490,118,4,511,3,8,5
ZONE_0491,179,9,564,4,4,10
ZONE_0492,37,1,266,2,3,3
ZONE_0493,45,6,329,2,6,5
ZONE_0494,154,8,571,2,12,6
ZONE_0495,87,2,251,0,9,0
ZONE_0496,79,4,29,0,1,2
ZONE_0497,30,2,162,0,2,3
ZONE_0498,173,10,632,3,10,11
ZONE_0499,115,7,316,1,3,3
ZONE_0500,155,10,277,1,6,7
